JavaScript,ejGrid,Bharath M
JavaScript,ejmGrid,Bharath M
ASP.NET,Grid,Bharath M
ASP.NET MVC,Grid,Bharath M
ASP.NET MVC,Grid(Mobile),Bharath M
ASP.NET Core,Grid,Bharath M
Angular 2,ejGrid,Bharath M
Ionic,Grid,Bharath M
TypeScript,Grid,Bharath M
Aurelia,Grid,Bharath M
LightSwitch,Grid,Bharath M
LightSwitch HTML,Grid,Bharath M
PHP,Grid,Bharath M
ReactJS,Grid,Bharath M
ASP.NET(Classic),GridGroupingControl,Bharath M
ASP.NET MVC(Classic),Grid,Bharath M
Mobile MVC(Classic),Grid,Bharath M
WPF,Bigauge,Rajadurai C
WPF,SfTreeGrid,Sivakumar R
ASP.NET MVC,RadialSlider,Balaji M
WPF,richtexteditor,Vijayakumar S
ASP.NET,Map,Rajasekar B
ASP.NET MVC,Map,Rajasekar B
ASP.NET,ejMap,Rajasekar B
ASP.NET MVC,ejMap,Rajasekar B
JavaScript,ejMap,Rajasekar B
ASP.NET MVC (Classic),ejMap,Rajasekar B
ASP.NET MVC (Classic),Maps,Rajasekar B
ASP.NET,ejTreeMap,Rajasekar B
ASP.NET MVC,ejTreeMap,Rajasekar B
ASP.NET MVC,TreeMap,Rajasekar B
JavaScript,ejTreeMap,Rajasekar B
iOS,SfBarcode,Vijayakumar S
Android,SfBarcode,Vijayakumar S
Xamarin.iOS,SfBarcode,Vijayakumar S
Xamarin.Android,SfBarcode,Vijayakumar S
Xamarin.Forms,SfBarcode,Vijayakumar S
Windows Forms,Common,Sivakumar R
Windows Forms,General,Sivakumar R
Xamarin,SfPullToRefresh,Sivakumar R
Xamarin.Forms,SfPullToRefresh,Sivakumar R
Xamarin.Android,SfPullToRefresh,Sivakumar R
Xamarin.iOS,SfPullToRefresh,Sivakumar R
iOS,SfPullToRefresh,Sivakumar R
Android,SfPullToRefresh,Sivakumar R
UWP,SfPullToRefresh,Sivakumar R
Xamarin.Forms,SfSchedule,Sivakumar R
Xamarin.Android,SfSchedule,Sivakumar R
Xamarin.iOS,SfSchedule,Sivakumar R
iOS,SfSchedule,Sivakumar R
Android,SfSchedule,Sivakumar R
UWP,SfSchedule,Sivakumar R
WinRT,SfSchedule,Sivakumar R
Xamarin,SfMaps,Rajasekar B
Xamarin.Forms,SfMaps,Rajasekar B
Xamarin.Android,SfMaps,Rajasekar B
Xamarin.iOS,SfMaps,Rajasekar B
iOS,SfMaps,Rajasekar B
Android,SfMaps,Rajasekar B
UWP,SfMaps,Rajasekar B
WPF,SfMaps,Rajasekar B
WinRT,SfMaps,Rajasekar B
Windows Forms,Maps,Rajasekar B
Xamarin.Forms,SfTreeMap,Rajasekar B
Xamarin.Android,SfTreeMap,Rajasekar B
Xamarin.iOS,SfTreeMap,Rajasekar B
iOS,SfTreeMap,Rajasekar B
Android,SfTreeMap,Rajasekar B
UWP,SfTreeMap,Rajasekar B
WPF,SfTreeMap,Rajasekar B
WinRT,SfTreeMap,Rajasekar B
Windows Forms,TreeMap,Rajasekar B
Xamarin,SfCircularGauge,Rajasekar B
Xamarin,CircularGauge,Rajasekar B
Xamarin.Forms,SfCircularGauge,Rajasekar B
Xamarin.Android,SfCircularGauge,Rajasekar B
Xamarin.iOS,SfCircularGauge,Rajasekar B
iOS,SfCircularGauge,Rajasekar B
Android,SfCircularGauge,Rajasekar B
UWP,SfCircularGauge,Rajasekar B
WPF,SfCircularGauge,Rajasekar B
WinRT,SfCircularGauge,Rajasekar B
Xamarin.Forms,SfLinearGauge,Rajasekar B
Xamarin.Android,SfLinearGauge,Rajasekar B
Xamarin.iOS,SfLinearGauge,Rajasekar B
iOS,SfLinearGauge,Rajasekar B
Android,SfLinearGauge,Rajasekar B
UWP,SfLinearGauge,Rajasekar B
WPF,SfLinearGauge,Rajasekar B
WinRT,SfLinearGauge,Rajasekar B
Xamarin.Forms,SfDigitalGauge,Rajasekar B
Xamarin.Android,SfDigitalGauge,Rajasekar B
Xamarin.iOS,SfDigitalGauge,Rajasekar B
iOS,SfDigitalGauge,Rajasekar B
Android,SfDigitalGauge,Rajasekar B
UWP,SfDigitalGauge,Rajasekar B
WPF,SfDigitalGauge,Rajasekar B
WinRT,SfDigitalGauge,Rajasekar B
UWP,SfBulletGraph,Rajasekar B
WPF,SfBulletGraph,Rajasekar B
WinRT,SfBulletGraph,Rajasekar B
Windows Forms,BulletGraph,Rajasekar B
Xamarin.Android,General,Rajasekar B
Xamarin.Android,Common,Rajasekar B
